freq,psd_x,psd_y,psd_z,psd_xyz,zv(43.4),mzv(43.2),ei(52.0),2hump_ei(64.4),3hump_ei(77.2)
0.0,0.000e+00,0.000e+00,0.000e+00,0.000e+00,1.000,1.000,1.000,1.000,1.000
1.5,3.004e-15,2.426e-12,6.058e-15,2.435e-12,0.994,0.991,0.990,0.988,0.986
3.1,6.821e-04,3.331e-01,1.088e-03,3.348e-01,0.984,0.978,0.975,0.971,0.967
4.6,7.851e-02,1.810e+01,1.493e-01,1.833e+01,0.972,0.961,0.957,0.949,0.944
6.1,3.869e-01,5.380e+01,7.776e-01,5.497e+01,0.957,0.941,0.934,0.924,0.917
7.7,7.300e-01,6.773e+01,1.551e+00,7.001e+01,0.939,0.917,0.908,0.895,0.886
9.2,1.000e+00,7.054e+01,1.949e+00,7.349e+01,0.919,0.889,0.878,0.862,0.851
10.8,1.072e+00,4.567e+01,1.935e+00,4.868e+01,0.896,0.859,0.846,0.826,0.812
12.3,9.539e-01,4.061e+01,1.822e+00,4.339e+01,0.870,0.826,0.810,0.787,0.772
13.8,8.795e-01,3.151e+01,1.548e+00,3.394e+01,0.842,0.790,0.772,0.746,0.728
15.4,8.750e-01,3.236e+01,1.486e+00,3.472e+01,0.811,0.752,0.731,0.703,0.683
16.9,7.663e-01,3.045e+01,1.444e+00,3.266e+01,0.778,0.712,0.689,0.658,0.637
18.4,1.254e+00,1.179e+02,1.506e+00,1.207e+02,0.744,0.670,0.645,0.612,0.590
20.0,9.287e+00,1.197e+03,3.166e+00,1.209e+03,0.707,0.627,0.600,0.566,0.542
21.5,3.008e+01,2.616e+03,5.148e+00,2.651e+03,0.668,0.583,0.554,0.519,0.494
23.1,7.432e+01,2.690e+03,4.935e+00,2.769e+03,0.628,0.537,0.508,0.472,0.447
24.6,1.302e+02,2.141e+03,3.370e+00,2.274e+03,0.586,0.491,0.462,0.426,0.401
26.1,1.517e+02,1.798e+03,2.027e+00,1.952e+03,0.543,0.445,0.416,0.380,0.356
27.7,1.091e+02,1.502e+03,1.500e+00,1.612e+03,0.498,0.399,0.370,0.336,0.312
29.2,6.200e+01,1.398e+03,1.694e+00,1.462e+03,0.452,0.353,0.326,0.294,0.271
30.7,3.510e+01,1.663e+03,2.762e+00,1.701e+03,0.405,0.308,0.283,0.254,0.232
32.3,1.979e+01,2.356e+03,5.093e+00,2.381e+03,0.358,0.264,0.242,0.215,0.196
33.8,1.233e+01,3.505e+03,8.787e+00,3.526e+03,0.310,0.222,0.203,0.180,0.163
35.3,1.151e+01,5.362e+03,1.575e+01,5.390e+03,0.261,0.181,0.166,0.147,0.133
36.9,3.936e+01,9.175e+03,2.804e+01,9.242e+03,0.212,0.141,0.132,0.117,0.106
38.4,1.212e+02,1.610e+04,6.346e+01,1.628e+04,0.164,0.104,0.101,0.091,0.083
40.0,2.228e+02,2.925e+04,3.276e+02,2.980e+04,0.116,0.070,0.073,0.068,0.064
41.5,3.107e+02,4.171e+04,7.392e+02,4.276e+04,0.082,0.046,0.049,0.049,0.050
43.0,2.948e+02,3.946e+04,7.616e+02,4.052e+04,0.063,0.035,0.031,0.035,0.041
44.6,2.185e+02,3.106e+04,5.426e+02,3.182e+04,0.071,0.039,0.020,0.028,0.037
46.1,1.480e+02,2.270e+04,3.204e+02,2.316e+04,0.098,0.053,0.022,0.028,0.037
47.6,1.315e+02,1.609e+04,2.442e+02,1.646e+04,0.138,0.073,0.030,0.031,0.038
49.2,1.395e+02,1.117e+04,2.268e+02,1.154e+04,0.184,0.091,0.036,0.035,0.040
50.7,9.857e+01,7.581e+03,2.205e+02,7.900e+03,0.229,0.106,0.039,0.037,0.040
52.3,3.509e+01,5.357e+03,2.441e+02,5.636e+03,0.273,0.118,0.040,0.038,0.039
53.8,1.161e+01,3.839e+03,2.969e+02,4.148e+03,0.317,0.126,0.037,0.038,0.037
55.3,1.642e+01,2.997e+03,3.935e+02,3.407e+03,0.359,0.131,0.032,0.035,0.034
56.9,2.895e+01,2.415e+03,4.808e+02,2.925e+03,0.399,0.133,0.029,0.032,0.030
58.4,3.765e+01,2.007e+03,6.644e+02,2.709e+03,0.439,0.132,0.028,0.027,0.026
59.9,4.449e+01,2.164e+03,1.211e+03,3.419e+03,0.476,0.128,0.031,0.021,0.021
61.5,4.010e+01,2.375e+03,1.791e+03,4.206e+03,0.512,0.120,0.038,0.015,0.016
63.0,2.857e+01,2.260e+03,2.363e+03,4.652e+03,0.545,0.110,0.050,0.012,0.013
64.5,3.761e+01,2.106e+03,2.917e+03,5.061e+03,0.577,0.098,0.071,0.011,0.012
66.1,7.304e+01,2.037e+03,2.176e+03,4.285e+03,0.607,0.092,0.096,0.012,0.013
67.6,1.268e+02,2.129e+03,1.475e+03,3.731e+03,0.634,0.086,0.122,0.016,0.017
69.2,1.783e+02,1.826e+03,6.105e+02,2.615e+03,0.660,0.082,0.151,0.021,0.020
70.7,1.002e+02,1.469e+03,2.436e+02,1.813e+03,0.683,0.080,0.180,0.026,0.024
72.2,5.684e+01,1.196e+03,3.850e+02,1.638e+03,0.704,0.083,0.211,0.029,0.027
73.8,6.848e+01,1.006e+03,7.270e+02,1.802e+03,0.722,0.090,0.242,0.031,0.029
75.3,9.779e+01,9.536e+02,1.144e+03,2.195e+03,0.739,0.101,0.273,0.032,0.030
76.8,1.278e+02,9.083e+02,1.666e+03,2.702e+03,0.752,0.115,0.305,0.031,0.030
78.4,1.690e+02,8.851e+02,2.698e+03,3.752e+03,0.764,0.132,0.336,0.028,0.029
79.9,2.464e+02,8.523e+02,4.308e+03,5.407e+03,0.772,0.157,0.367,0.027,0.028
81.5,2.954e+02,7.207e+02,5.039e+03,6.055e+03,0.779,0.189,0.397,0.027,0.025
83.0,2.200e+02,5.877e+02,3.690e+03,4.498e+03,0.783,0.222,0.426,0.028,0.022
84.5,1.163e+02,5.383e+02,1.996e+03,2.650e+03,0.784,0.254,0.453,0.030,0.018
86.1,5.624e+01,5.383e+02,1.555e+03,2.150e+03,0.783,0.287,0.479,0.034,0.014
87.6,2.644e+01,4.829e+02,2.354e+03,2.863e+03,0.780,0.319,0.503,0.040,0.013
89.1,1.511e+01,3.335e+02,3.174e+03,3.523e+03,0.774,0.350,0.525,0.048,0.012
90.7,9.866e+00,1.724e+02,2.835e+03,3.017e+03,0.766,0.381,0.545,0.065,0.012
92.2,1.231e+01,1.076e+02,2.047e+03,2.167e+03,0.756,0.411,0.563,0.084,0.013
93.8,1.438e+01,1.061e+02,1.507e+03,1.627e+03,0.743,0.439,0.578,0.105,0.014
95.3,1.205e+01,1.151e+02,1.101e+03,1.228e+03,0.728,0.466,0.591,0.127,0.016
96.8,8.836e+00,1.175e+02,8.362e+02,9.625e+02,0.712,0.491,0.601,0.151,0.020
98.4,6.062e+00,1.154e+02,6.163e+02,7.377e+02,0.693,0.515,0.608,0.174,0.022
99.9,4.432e+00,1.145e+02,4.865e+02,6.055e+02,0.672,0.536,0.612,0.199,0.024
101.4,3.229e+00,1.108e+02,3.884e+02,5.024e+02,0.649,0.556,0.614,0.224,0.025
103.0,2.413e+00,1.050e+02,3.045e+02,4.120e+02,0.625,0.573,0.613,0.249,0.025
104.5,2.057e+00,1.006e+02,2.558e+02,3.585e+02,0.599,0.588,0.609,0.273,0.023
106.0,1.683e+00,9.611e+01,2.095e+02,3.073e+02,0.572,0.600,0.603,0.298,0.024
107.6,1.508e+00,9.194e+01,1.788e+02,2.723e+02,0.543,0.610,0.593,0.321,0.025
109.1,1.368e+00,8.730e+01,1.537e+02,2.424e+02,0.513,0.618,0.582,0.344,0.026
110.7,1.266e+00,8.038e+01,1.310e+02,2.126e+02,0.481,0.623,0.568,0.365,0.028
112.2,1.841e+00,8.072e+01,1.324e+02,2.150e+02,0.449,0.625,0.551,0.385,0.031
113.7,2.660e+00,8.001e+01,1.350e+02,2.177e+02,0.416,0.625,0.533,0.404,0.034
115.3,3.494e+00,8.263e+01,1.434e+02,2.295e+02,0.383,0.623,0.513,0.421,0.039
116.8,4.440e+00,8.300e+01,1.431e+02,2.305e+02,0.365,0.617,0.491,0.436,0.047
118.3,5.105e+00,7.255e+01,1.221e+02,1.997e+02,0.348,0.610,0.467,0.449,0.062
119.9,5.242e+00,3.709e+01,6.575e+01,1.081e+02,0.333,0.600,0.442,0.459,0.078
121.4,6.603e+00,1.029e+01,3.801e+01,5.489e+01,0.319,0.588,0.417,0.468,0.096
123.0,7.604e+00,7.608e+00,5.545e+01,7.066e+01,0.307,0.574,0.390,0.474,0.114
124.5,7.155e+00,6.987e+00,6.855e+01,8.269e+01,0.297,0.557,0.363,0.478,0.133
126.0,5.358e+00,5.681e+00,4.939e+01,6.043e+01,0.290,0.539,0.335,0.479,0.152
127.6,6.513e+00,4.314e+00,4.389e+01,5.472e+01,0.285,0.519,0.307,0.478,0.172
129.1,5.359e+00,2.767e+00,3.110e+01,3.923e+01,0.282,0.498,0.279,0.475,0.192
130.6,3.894e+00,2.399e+00,1.918e+01,2.547e+01,0.283,0.475,0.252,0.469,0.211
132.2,4.139e+00,2.350e+00,2.804e+01,3.453e+01,0.286,0.451,0.225,0.461,0.231
133.7,3.322e+00,2.278e+00,3.794e+01,4.354e+01,0.291,0.426,0.199,0.451,0.250
135.2,2.742e+00,2.365e+00,5.039e+01,5.550e+01,0.298,0.400,0.174,0.439,0.268
136.8,1.657e+00,1.861e+00,5.740e+01,6.092e+01,0.307,0.374,0.158,0.425,0.285
138.3,1.286e+00,1.376e+00,3.809e+01,4.076e+01,0.318,0.347,0.148,0.410,0.301
139.9,1.123e+00,1.047e+00,2.182e+01,2.398e+01,0.329,0.320,0.138,0.393,0.316
141.4,8.915e-01,8.921e-01,1.057e+01,1.235e+01,0.341,0.293,0.129,0.374,0.329
142.9,6.486e-01,9.774e-01,8.540e+00,1.017e+01,0.354,0.266,0.121,0.355,0.340
144.5,4.258e-01,9.867e-01,7.798e+00,9.210e+00,0.371,0.240,0.114,0.334,0.350
146.0,3.740e-01,7.945e-01,6.835e+00,8.004e+00,0.399,0.222,0.109,0.313,0.359
147.5,3.828e-01,6.991e-01,7.061e+00,8.143e+00,0.427,0.211,0.104,0.291,0.365
149.1,3.718e-01,6.109e-01,9.606e+00,1.059e+01,0.453,0.201,0.101,0.269,0.369
150.6,3.781e-01,6.262e-01,1.112e+01,1.213e+01,0.477,0.192,0.098,0.247,0.371
152.2,3.501e-01,7.337e-01,1.229e+01,1.337e+01,0.500,0.183,0.096,0.225,0.372
153.7,3.170e-01,6.046e-01,1.359e+01,1.451e+01,0.522,0.176,0.095,0.203,0.370
155.2,3.871e-01,6.127e-01,1.415e+01,1.515e+01,0.542,0.170,0.095,0.182,0.366
156.8,4.873e-01,7.229e-01,1.783e+01,1.904e+01,0.561,0.165,0.096,0.162,0.361
158.3,6.528e-01,7.291e-01,2.495e+01,2.633e+01,0.578,0.161,0.097,0.142,0.354
159.8,8.962e-01,7.317e-01,2.949e+01,3.112e+01,0.593,0.157,0.099,0.124,0.345
161.4,1.105e+00,6.821e-01,3.256e+01,3.435e+01,0.606,0.155,0.101,0.106,0.334
162.9,1.040e+00,6.164e-01,2.914e+01,3.080e+01,0.618,0.153,0.105,0.094,0.322
164.4,8.727e-01,6.372e-01,2.514e+01,2.665e+01,0.627,0.151,0.109,0.088,0.309
166.0,6.699e-01,6.597e-01,1.856e+01,1.988e+01,0.635,0.150,0.113,0.082,0.294
167.5,5.302e-01,7.520e-01,1.259e+01,1.388e+01,0.641,0.150,0.119,0.076,0.279
169.1,3.392e-01,7.517e-01,7.319e+00,8.410e+00,0.645,0.150,0.125,0.072,0.263
170.6,2.627e-01,6.209e-01,5.583e+00,6.467e+00,0.647,0.150,0.131,0.068,0.246
172.1,2.640e-01,5.582e-01,6.273e+00,7.096e+00,0.647,0.150,0.138,0.064,0.229
173.7,3.333e-01,5.916e-01,9.637e+00,1.056e+01,0.646,0.151,0.145,0.061,0.211
175.2,5.072e-01,7.181e-01,1.385e+01,1.507e+01,0.643,0.151,0.154,0.058,0.194
176.7,5.768e-01,9.279e-01,2.027e+01,2.178e+01,0.637,0.152,0.173,0.056,0.176
178.3,4.924e-01,7.773e-01,2.042e+01,2.169e+01,0.631,0.154,0.193,0.054,0.159
179.8,4.651e-01,7.788e-01,1.732e+01,1.856e+01,0.622,0.155,0.212,0.052,0.142
